"","Crop","Year","State","Area","Production","Yield"
"1","Pearl Millet (Bajra)",1967,"All India",12807.5,5184.9,404.833
"2","Pearl Millet (Bajra)",1968,"All India",12051.8,3801.8,315.455
"3","Pearl Millet (Bajra)",1969,"All India",12492.8,5326.8,426.39
"4","Pearl Millet (Bajra)",1970,"All India",12913.4,8028.8,621.742
"5","Pearl Millet (Bajra)",1972,"All India",11816.8,3929.4,332.527
"6","Pearl Millet (Bajra)",1974,"All India",11258.1,3271.9,290.626
"7","Pearl Millet (Bajra)",1975,"All India",11571.3,5735.8,1031.239
"8","Pearl Millet (Bajra)",1977,"All India",11103.8,4730.2,425.998
"9","Pearl Millet (Bajra)",1978,"All India",11392.9,5566.4,488.585
"10","Pearl Millet (Bajra)",1979,"All India",10579.3,4047.9,382.625
"11","Pearl Millet (Bajra)",1980,"All India",11657.1,5343,458.347
"12","Pearl Millet (Bajra)",1981,"All India",11783.9,5537.3,469.904
"13","Pearl Millet (Bajra)",1982,"All India",10942.2,5131.2,468.937
"14","Pearl Millet (Bajra)",1983,"All India",11832.4,7725.9,652.944
"15","Pearl Millet (Bajra)",1985,"All India",10651.8,3663.8,343.961
"16","Pearl Millet (Bajra)",1986,"All India",11266,4513.5,400.63
"17","Pearl Millet (Bajra)",1988,"All India",12045.7,7779.7,645.849
"18","Pearl Millet (Bajra)",1989,"All India",10899.5,6649.1,610.037
"19","Pearl Millet (Bajra)",1990,"All India",10476.4,6893.8,658.031
"20","Pearl Millet (Bajra)",1991,"All India",10027.5,4665,465.221
"21","Pearl Millet (Bajra)",1993,"All India",9905.7,4973.5,502.085
"22","Pearl Millet (Bajra)",1994,"All India",10222.5,7159.2,700.337
"23","Pearl Millet (Bajra)",1996,"All India",9980.2,7870.2,788.581
"24","Pearl Millet (Bajra)",1997,"All India",9887.7,7644.4,773.122
"25","Pearl Millet (Bajra)",1998,"All India",9297.2,6955.6,748.139
"26","Pearl Millet (Bajra)",1999,"All India",8897.1,5782.2,649.897
"27","Pearl Millet (Bajra)",2001,"All India",9529.1,8284,869.337
"28","Pearl Millet (Bajra)",2002,"All India",7739.8,4718.9,609.693
"29","Pearl Millet (Bajra)",2003,"All India",10612.3,12109.3,1141.063
"30","Pearl Millet (Bajra)",2004,"All India",9232.9,7931.3,859.026
"31","Pearl Millet (Bajra)",2005,"All India",9581.2,7684,801.987
"32","Pearl Millet (Bajra)",2007,"All India",9571.3,9970.1,1041.666
"33","Pearl Millet (Bajra)",2008,"All India",8752.5,8887.1,1015.378
"34","Pearl Millet (Bajra)",2009,"All India",8904.174,6506.412,730.715
"35","Pearl Millet (Bajra)",2010,"All India",9612.338,10369.9,1078.811
"36","Pearl Millet (Bajra)",2011,"All India",8776.7,10276,1170.827
"37","Pearl Millet (Bajra)",2012,"All India",7297.417,8741.982,1197.956
"38","Pearl Millet (Bajra)",2013,"All India",7810.715,9250.085,1184.281
"39","Pearl Millet (Bajra)",2014,"All India",7317.95,9184.22,1255.026
"40","Pearl Millet (Bajra)",2015,"All India",7128.611,8066.634,1131.586
"41","Pearl Millet (Bajra)",2016,"All India",7458.501,9729.843,1304.531
"42","Pearl Millet (Bajra)",2019,"All India",7542.68,10362.68,1374
"43","Pearl Millet (Bajra)",1968,"Andhra Pradesh",572.3,232.4,406.081
"44","Pearl Millet (Bajra)",1969,"Andhra Pradesh",601.9,320,531.65
"45","Pearl Millet (Bajra)",1970,"Andhra Pradesh",584,290.1,496.747
"46","Pearl Millet (Bajra)",1971,"Andhra Pradesh",522,228.2,437.165
"47","Pearl Millet (Bajra)",1972,"Andhra Pradesh",505.9,179.8,355.406
"48","Pearl Millet (Bajra)",1973,"Andhra Pradesh",582.4,365.2,627.06
"49","Pearl Millet (Bajra)",1974,"Andhra Pradesh",577.8,307.9,532.883
"50","Pearl Millet (Bajra)",1975,"Andhra Pradesh",622.3,351.1,564.197
"51","Pearl Millet (Bajra)",1976,"Andhra Pradesh",562.5,244.9,435.378
"52","Pearl Millet (Bajra)",1977,"Andhra Pradesh",568.4,378.3,665.552
"53","Pearl Millet (Bajra)",1979,"Andhra Pradesh",451.8,295.4,653.829
"54","Pearl Millet (Bajra)",1981,"Andhra Pradesh",543.6,443.5,815.857
"55","Pearl Millet (Bajra)",1982,"Andhra Pradesh",492.4,259.4,526.807
"56","Pearl Millet (Bajra)",1983,"Andhra Pradesh",492.7,360.8,732.291
"57","Pearl Millet (Bajra)",1985,"Andhra Pradesh",356.3,209.5,587.988
"58","Pearl Millet (Bajra)",1986,"Andhra Pradesh",336,195.8,582.738
"59","Pearl Millet (Bajra)",1987,"Andhra Pradesh",311.7,155.9,500.16
"60","Pearl Millet (Bajra)",1988,"Andhra Pradesh",281.9,196.5,697.056
"61","Pearl Millet (Bajra)",1989,"Andhra Pradesh",258.3,181.6,703.058
"62","Pearl Millet (Bajra)",1990,"Andhra Pradesh",231.4,167.7,724.719
"63","Pearl Millet (Bajra)",1991,"Andhra Pradesh",192,135.2,704.167
"64","Pearl Millet (Bajra)",1992,"Andhra Pradesh",170.8,128.6,752.927
"65","Pearl Millet (Bajra)",1993,"Andhra Pradesh",143.2,110.7,773.045
"66","Pearl Millet (Bajra)",1995,"Andhra Pradesh",133.3,127.2,954.239
"67","Pearl Millet (Bajra)",1996,"Andhra Pradesh",132,122,924.242
"68","Pearl Millet (Bajra)",1997,"Andhra Pradesh",96,67,697.917
"69","Pearl Millet (Bajra)",1999,"Andhra Pradesh",117,98,837.607
"70","Pearl Millet (Bajra)",2000,"Andhra Pradesh",143,149,1041.958
"71","Pearl Millet (Bajra)",2001,"Andhra Pradesh",91.5,71,775.956
"72","Pearl Millet (Bajra)",2003,"Andhra Pradesh",138,148,1072.464
"73","Pearl Millet (Bajra)",2004,"Andhra Pradesh",94,81,861.702
"74","Pearl Millet (Bajra)",2005,"Andhra Pradesh",81,82,1012.346
"75","Pearl Millet (Bajra)",2006,"Andhra Pradesh",61,47,770.492
"76","Pearl Millet (Bajra)",2007,"Andhra Pradesh",74,92,1243.243
"77","Pearl Millet (Bajra)",2008,"Andhra Pradesh",59,60,1016.949
"78","Pearl Millet (Bajra)",2009,"Andhra Pradesh",45,53,1177.778
"79","Pearl Millet (Bajra)",2011,"Andhra Pradesh",32,58,1812.5
"80","Pearl Millet (Bajra)",2012,"Andhra Pradesh",57,111,1947.368
"81","Pearl Millet (Bajra)",2013,"Andhra Pradesh",38.76,7,180.599
"82","Pearl Millet (Bajra)",2014,"Andhra Pradesh",28,8,285.714
"83","Pearl Millet (Bajra)",2015,"Andhra Pradesh",36,9,250
"84","Pearl Millet (Bajra)",2016,"Andhra Pradesh",42,10,238.095
"85","Pearl Millet (Bajra)",2017,"Andhra Pradesh",48,11,229.167
"86","Pearl Millet (Bajra)",2018,"Andhra Pradesh",22,22.682,1031
"87","Pearl Millet (Bajra)",2019,"Andhra Pradesh",25,58.2,2328
"88","Pearl Millet (Bajra)",1966,"Bihar",13,5.4,415.385
"89","Pearl Millet (Bajra)",1967,"Bihar",12.9,9,697.674
"90","Pearl Millet (Bajra)",1968,"Bihar",16.4,7.3,445.122
"91","Pearl Millet (Bajra)",1969,"Bihar",15,7.5,500
"92","Pearl Millet (Bajra)",1970,"Bihar",13.5,8,592.593
"93","Pearl Millet (Bajra)",1971,"Bihar",10.8,5,462.963
"94","Pearl Millet (Bajra)",1972,"Bihar",15.6,8.2,525.641
"95","Pearl Millet (Bajra)",1974,"Bihar",15.9,6.1,383.648
"96","Pearl Millet (Bajra)",1976,"Bihar",19.8,7.9,398.99
"97","Pearl Millet (Bajra)",1977,"Bihar",13.4,5.4,402.985
"98","Pearl Millet (Bajra)",1978,"Bihar",13,5,384.615
"99","Pearl Millet (Bajra)",1979,"Bihar",12.2,6,491.803
"100","Pearl Millet (Bajra)",1980,"Bihar",12.7,6.6,519.685
"101","Pearl Millet (Bajra)",1981,"Bihar",12.6,5.8,460.317
"102","Pearl Millet (Bajra)",1982,"Bihar",11.1,5.4,486.486
"103","Pearl Millet (Bajra)",1983,"Bihar",12.1,7.6,628.099
"104","Pearl Millet (Bajra)",1984,"Bihar",11.5,7.6,660.87
"105","Pearl Millet (Bajra)",1985,"Bihar",11,6.7,609.091
"106","Pearl Millet (Bajra)",1987,"Bihar",10.4,5.1,490.385
"107","Pearl Millet (Bajra)",1988,"Bihar",9.7,6.5,670.103
"108","Pearl Millet (Bajra)",1989,"Bihar",9.6,4.7,489.583
"109","Pearl Millet (Bajra)",1992,"Bihar",7.3,3.8,520.548
"110","Pearl Millet (Bajra)",1993,"Bihar",8.8,5.1,579.545
"111","Pearl Millet (Bajra)",1994,"Bihar",8.1,4.8,592.593
"112","Pearl Millet (Bajra)",1995,"Bihar",7.4,4.2,567.568
"113","Pearl Millet (Bajra)",1996,"Bihar",6.4,3.7,578.125
"114","Pearl Millet (Bajra)",1997,"Bihar",5.9,3.5,593.22
"115","Pearl Millet (Bajra)",1998,"Bihar",6.2,3.6,580.645
"116","Pearl Millet (Bajra)",1999,"Bihar",5.8,3.6,620.69
"117","Pearl Millet (Bajra)",2000,"Bihar",1.5,1.3,866.667
"118","Pearl Millet (Bajra)",2001,"Bihar",0.8,0.6,750
"119","Pearl Millet (Bajra)",2002,"Bihar",1,1,1000
"120","Pearl Millet (Bajra)",2003,"Bihar",1.6,1.6,1000
"121","Pearl Millet (Bajra)",2004,"Bihar",1.2,1.3,1083.333
"122","Pearl Millet (Bajra)",2005,"Bihar",4.3,4.6,1069.767
"123","Pearl Millet (Bajra)",2006,"Bihar",4.1,4.4,1073.171
"124","Pearl Millet (Bajra)",2007,"Bihar",9,10,1111.111
"125","Pearl Millet (Bajra)",2009,"Bihar",2.95,3.27,1108.475
"126","Pearl Millet (Bajra)",2011,"Bihar",4.5,5.01,1113.333
"127","Pearl Millet (Bajra)",2012,"Bihar",4.24,4.84,1141.509
"128","Pearl Millet (Bajra)",2014,"Bihar",3.29,38,11550.152
"129","Pearl Millet (Bajra)",2015,"Bihar",4.095,65,15873.016
"130","Pearl Millet (Bajra)",2017,"Bihar",4.379,92.496,21122.631
"131","Pearl Millet (Bajra)",2000,"Chattisgarh",0.1,60,2545
"132","Pearl Millet (Bajra)",2001,"Chattisgarh",0.1,5.4,401
"133","Pearl Millet (Bajra)",2003,"Chattisgarh",153.9,145,1360.714
"134","Pearl Millet (Bajra)",2005,"Chattisgarh",15.4,0.1,2328
"135","Pearl Millet (Bajra)",2007,"Chattisgarh",0.1,0.1,1000
"136","Pearl Millet (Bajra)",2008,"Chattisgarh",0.1,1.3,366.667
"137","Pearl Millet (Bajra)",2009,"Chattisgarh",14.11,6.4,600
"138","Pearl Millet (Bajra)",2010,"Chattisgarh",0.4,7.443,1015.378
"139","Pearl Millet (Bajra)",2011,"Chattisgarh",0.2,1.73,8972500
"140","Pearl Millet (Bajra)",2012,"Chattisgarh",0.1,114.45,2323.529
"141","Pearl Millet (Bajra)",2013,"Chattisgarh",0.4,3,1454.751
"142","Pearl Millet (Bajra)",2014,"Chattisgarh",0.1,3.73,37300
"143","Pearl Millet (Bajra)",2015,"Chattisgarh",0.1,4.639,1020
"144","Pearl Millet (Bajra)",2016,"Chattisgarh",0.1,4.045,40450
"145","Pearl Millet (Bajra)",2017,"Chattisgarh",8.4,4.966,332.527
"146","Pearl Millet (Bajra)",2018,"Chhattisgarh",0.06,0.027,449
"147","Pearl Millet (Bajra)",2019,"Chhattisgarh",15.6,4.4,491.803
"148","Pearl Millet (Bajra)",1993,"Dadra Nagar Haveli",0.054,0.5,2591
"149","Pearl Millet (Bajra)",1994,"Dadra Nagar Haveli",0.088,0.5,402
"150","Pearl Millet (Bajra)",2013,"Dadra Nagar Haveli",6.2,0.39,730.715
"151","Pearl Millet (Bajra)",2014,"Dadra Nagar Haveli",13.4,2,556.086
"152","Pearl Millet (Bajra)",2015,"Dadra Nagar Haveli",13.869,0.594,1800
"153","Pearl Millet (Bajra)",2017,"Dadra Nagar Haveli",1.1,0.579,675.036
"154","Pearl Millet (Bajra)",1976,"Daman & Diu",0.5,0.7,1400
"155","Pearl Millet (Bajra)",1977,"Daman & Diu",0.5,1,2000
"156","Pearl Millet (Bajra)",1978,"Daman & Diu",0.5,0.9,1800
"157","Pearl Millet (Bajra)",1979,"Daman & Diu",0.3,0.5,1666.667
"158","Pearl Millet (Bajra)",1980,"Daman & Diu",0.3,0.4,1333.333
"159","Pearl Millet (Bajra)",1983,"Daman & Diu",0.3,0.4,1333.333
"160","Pearl Millet (Bajra)",1984,"Daman & Diu",0.3,0.5,1666.667
"161","Pearl Millet (Bajra)",1985,"Daman & Diu",0.3,0.4,1333.333
"162","Pearl Millet (Bajra)",1987,"Daman & Diu",0.3,0.6,2000
"163","Pearl Millet (Bajra)",1988,"Daman & Diu",0.3,4.5,15000
"164","Pearl Millet (Bajra)",1989,"Daman & Diu",9.7,0.1,653.075
"165","Pearl Millet (Bajra)",1990,"Daman & Diu",0.3,0.6,2000
"166","Pearl Millet (Bajra)",1992,"Daman & Diu",0.3,0.5,1666.667
"167","Pearl Millet (Bajra)",2007,"Daman & Diu",0.3,0.5,1666.667
"168","Pearl Millet (Bajra)",2008,"Daman & Diu",1.9,3.8,2000
"169","Pearl Millet (Bajra)",2009,"Daman & Diu",0.3,0.5,1666.667
"170","Pearl Millet (Bajra)",2010,"Daman & Diu",0.3,0.4,1333.333
"171","Pearl Millet (Bajra)",2012,"Daman & Diu",0.28,0.381,1360.714
"172","Pearl Millet (Bajra)",2014,"Daman & Diu",0.51,3.24,6352.941
"173","Pearl Millet (Bajra)",2015,"Daman & Diu",0.434,3.817,8794.931
"174","Pearl Millet (Bajra)",2017,"Daman & Diu",0.434,3.256,7502.198
"175","Pearl Millet (Bajra)",2018,"Daman & Diu",0.496,0.648,1306
"176","Pearl Millet (Bajra)",2019,"Daman & Diu",0.325,0.374,1150
"177","Pearl Millet (Bajra)",1966,"Delhi",17,11.2,658.824
"178","Pearl Millet (Bajra)",1967,"Delhi",20.1,7.6,378.109
"179","Pearl Millet (Bajra)",1968,"Delhi",19.1,14,732.984
"180","Pearl Millet (Bajra)",1969,"Delhi",20.8,17.6,846.154
"181","Pearl Millet (Bajra)",1970,"Delhi",23.6,23.2,983.051
"182","Pearl Millet (Bajra)",1971,"Delhi",15.5,9.6,619.355
"183","Pearl Millet (Bajra)",1972,"Delhi",9.3,7,752.688
"184","Pearl Millet (Bajra)",1973,"Delhi",22.4,17,758.929
"185","Pearl Millet (Bajra)",1974,"Delhi",20.1,7.9,393.035
"186","Pearl Millet (Bajra)",1975,"Delhi",19,7.3,384.211
"187","Pearl Millet (Bajra)",1976,"Delhi",11,5.3,481.818
"188","Pearl Millet (Bajra)",1977,"Delhi",9.5,4.6,484.211
"189","Pearl Millet (Bajra)",1978,"Delhi",15.4,7.4,480.519
"190","Pearl Millet (Bajra)",1979,"Delhi",9.3,2.7,290.323
"191","Pearl Millet (Bajra)",1980,"Delhi",10.8,11.3,1046.296
"192","Pearl Millet (Bajra)",1981,"Delhi",14.2,13.1,922.535
"193","Pearl Millet (Bajra)",1982,"Delhi",11.8,10.7,906.78
"194","Pearl Millet (Bajra)",1983,"Delhi",10.1,8.2,811.881
"195","Pearl Millet (Bajra)",1984,"Delhi",9.3,6.1,655.914
"196","Pearl Millet (Bajra)",1985,"Delhi",2.9,1.9,655.172
"197","Pearl Millet (Bajra)",1987,"Delhi",1.7,1,588.235
"198","Pearl Millet (Bajra)",1988,"Delhi",5.4,3.1,574.074
"199","Pearl Millet (Bajra)",1989,"Delhi",2.7,2.9,1074.074
"200","Pearl Millet (Bajra)",1990,"Delhi",4.8,8.2,1708.333
"201","Pearl Millet (Bajra)",1991,"Delhi",2.6,4.4,1692.308
"202","Pearl Millet (Bajra)",1992,"Delhi",3.2,2.9,906.25
"203","Pearl Millet (Bajra)",1993,"Delhi",2.8,3.5,1250
"204","Pearl Millet (Bajra)",1994,"Delhi",2.8,3.5,1250
"205","Pearl Millet (Bajra)",1995,"Delhi",3.1,4.2,1354.839
"206","Pearl Millet (Bajra)",1996,"Delhi",2.2,1.2,545.455
"207","Pearl Millet (Bajra)",1997,"Delhi",1.9,1.1,578.947
"208","Pearl Millet (Bajra)",1998,"Delhi",2.6,1.5,576.923
"209","Pearl Millet (Bajra)",1999,"Delhi",2.7,1.5,555.556
"210","Pearl Millet (Bajra)",2002,"Delhi",1.6,2.8,1750
"211","Pearl Millet (Bajra)",2003,"Delhi",2.3,4.6,2000
"212","Pearl Millet (Bajra)",2005,"Delhi",1.7,3.1,1823.529
"213","Pearl Millet (Bajra)",2006,"Delhi",1.6,2.9,1812.5
"214","Pearl Millet (Bajra)",2007,"Delhi",1.6,3,1875
"215","Pearl Millet (Bajra)",2008,"Delhi",1.5,2.9,1933.333
"216","Pearl Millet (Bajra)",2009,"Delhi",0.012,0.023,1916.667
"217","Pearl Millet (Bajra)",2010,"Delhi",2.7,5,1851.852
"218","Pearl Millet (Bajra)",2011,"Delhi",1.44,2.69,1868.056
"219","Pearl Millet (Bajra)",2012,"Delhi",0.8,1.5,1875
"220","Pearl Millet (Bajra)",2014,"Delhi",1.52,4456.12,848.156
"221","Pearl Millet (Bajra)",2015,"Delhi",1.52,0.017,11.184
"222","Pearl Millet (Bajra)",2016,"Delhi",1.497,5.8,772.417
"223","Pearl Millet (Bajra)",2018,"Delhi",1.48,3.253,2198
"224","Pearl Millet (Bajra)",1966,"Gujarat",1583,756,477.574
"225","Pearl Millet (Bajra)",1967,"Gujarat",1791.5,1182.7,660.173
"226","Pearl Millet (Bajra)",1970,"Gujarat",1782.1,1574.9,883.733
"227","Pearl Millet (Bajra)",1971,"Gujarat",1776.2,1545.1,869.891
"228","Pearl Millet (Bajra)",1972,"Gujarat",1715.6,844.1,492.014
"229","Pearl Millet (Bajra)",1974,"Gujarat",1403.1,555.7,396.052
"230","Pearl Millet (Bajra)",1975,"Gujarat",1915.7,1391,726.105
"231","Pearl Millet (Bajra)",1976,"Gujarat",1562.7,1263.3,808.409
"232","Pearl Millet (Bajra)",1977,"Gujarat",1368.9,1019.3,744.612
"233","Pearl Millet (Bajra)",1978,"Gujarat",1460.6,1553.7,1063.741
"234","Pearl Millet (Bajra)",1980,"Gujarat",1380,1221.9,885.435
"235","Pearl Millet (Bajra)",1982,"Gujarat",1394.5,1178,844.747
"236","Pearl Millet (Bajra)",1985,"Gujarat",1315.5,634.8,482.554
"237","Pearl Millet (Bajra)",1986,"Gujarat",1274.4,1026.9,805.791
"238","Pearl Millet (Bajra)",1989,"Gujarat",1331.6,1325.3,995.269
"239","Pearl Millet (Bajra)",1991,"Gujarat",1149.6,819.1,712.509
"240","Pearl Millet (Bajra)",1992,"Gujarat",1273.2,1652.2,1297.675
"241","Pearl Millet (Bajra)",1994,"Gujarat",1204.6,1272,1055.952
"242","Pearl Millet (Bajra)",1998,"Gujarat",1037.6,1280.8,1234.387
"243","Pearl Millet (Bajra)",1999,"Gujarat",926.2,850.7,918.484
"244","Pearl Millet (Bajra)",2000,"Gujarat",989.2,822.9,831.884
"245","Pearl Millet (Bajra)",2001,"Gujarat",939.8,1262.3,1343.158
"246","Pearl Millet (Bajra)",2002,"Gujarat",940.2,907,964.688
"247","Pearl Millet (Bajra)",2003,"Gujarat",1071.2,1599.9,1493.559
"248","Pearl Millet (Bajra)",2004,"Gujarat",925.2,1084.7,1172.395
"249","Pearl Millet (Bajra)",2005,"Gujarat",917,1072,1169.029
"250","Pearl Millet (Bajra)",2006,"Gujarat",937,1019,1087.513
"251","Pearl Millet (Bajra)",2008,"Gujarat",704,961,1365.057
"252","Pearl Millet (Bajra)",2009,"Gujarat",672,828,1232.143
"253","Pearl Millet (Bajra)",2010,"Gujarat",873,1091.25,1250
"254","Pearl Millet (Bajra)",2011,"Gujarat",867,1230.273,1419
"255","Pearl Millet (Bajra)",2012,"Gujarat",599,1044,1742.905
"256","Pearl Millet (Bajra)",2013,"Gujarat",694,582,569.384
"257","Pearl Millet (Bajra)",2014,"Gujarat",460,0.1,0.217
"258","Pearl Millet (Bajra)",2016,"Gujarat",431,0.043,0.099
"259","Pearl Millet (Bajra)",2017,"Gujarat",397,334,1637.972
"260","Pearl Millet (Bajra)",2018,"Gujarat",391.58,892.802,2280
"261","Pearl Millet (Bajra)",2019,"Gujarat",435.25,913.154,2098
"262","Pearl Millet (Bajra)",1966,"Haryana",893,373,417.693
"263","Pearl Millet (Bajra)",1967,"Haryana",885,459,518.644
"264","Pearl Millet (Bajra)",1968,"Haryana",872,300,344.037
"265","Pearl Millet (Bajra)",1969,"Haryana",928,516,556.034
"266","Pearl Millet (Bajra)",1972,"Haryana",904,467,516.593
"267","Pearl Millet (Bajra)",1973,"Haryana",956.4,691,722.501
"268","Pearl Millet (Bajra)",1974,"Haryana",919.2,215,233.899
"269","Pearl Millet (Bajra)",1976,"Haryana",947,548,578.669
"270","Pearl Millet (Bajra)",1977,"Haryana",886.3,284,320.433
"271","Pearl Millet (Bajra)",1979,"Haryana",834,281,336.93
"272","Pearl Millet (Bajra)",1980,"Haryana",881,484,549.376
"273","Pearl Millet (Bajra)",1981,"Haryana",852,496,582.16
"274","Pearl Millet (Bajra)",1983,"Haryana",841,552,656.361
"275","Pearl Millet (Bajra)",1984,"Haryana",750,479,638.667
"276","Pearl Millet (Bajra)",1985,"Haryana",650,317,487.692
"277","Pearl Millet (Bajra)",1987,"Haryana",470,109,231.915
"278","Pearl Millet (Bajra)",1988,"Haryana",786,958,1218.83
"279","Pearl Millet (Bajra)",1989,"Haryana",621,432,695.652
"280","Pearl Millet (Bajra)",1990,"Haryana",609,526,863.711
"281","Pearl Millet (Bajra)",1991,"Haryana",566,320,565.371
"282","Pearl Millet (Bajra)",1992,"Haryana",634,739,1165.615
"283","Pearl Millet (Bajra)",1993,"Haryana",509,329,646.365
"284","Pearl Millet (Bajra)",1994,"Haryana",584,736,1260.274
"285","Pearl Millet (Bajra)",1995,"Haryana",575,409,711.304
"286","Pearl Millet (Bajra)",1996,"Haryana",571,650,1138.354
"287","Pearl Millet (Bajra)",1997,"Haryana",584,873,1494.863
"288","Pearl Millet (Bajra)",1998,"Haryana",606,611,1008.251
"289","Pearl Millet (Bajra)",1999,"Haryana",587,582,991.482
"290","Pearl Millet (Bajra)",2000,"Haryana",608,656,1078.947
"291","Pearl Millet (Bajra)",2001,"Haryana",585,832,1422.222
"292","Pearl Millet (Bajra)",2002,"Haryana",514,458,891.051
"293","Pearl Millet (Bajra)",2003,"Haryana",626,1006,1607.029
"294","Pearl Millet (Bajra)",2004,"Haryana",569,749,1316.344
"295","Pearl Millet (Bajra)",2005,"Haryana",592,679,1146.959
"296","Pearl Millet (Bajra)",2006,"Haryana",621,1024,1648.953
"297","Pearl Millet (Bajra)",2008,"Haryana",610,1079,1768.852
"298","Pearl Millet (Bajra)",2009,"Haryana",585,932,1593.162
"299","Pearl Millet (Bajra)",2010,"Haryana",661,1185,1792.738
"300","Pearl Millet (Bajra)",2011,"Haryana",577,1177,2039.861
"301","Pearl Millet (Bajra)",2012,"Haryana",411,785,1909.976
"302","Pearl Millet (Bajra)",2014,"Haryana",383,771.4,2014.099
"303","Pearl Millet (Bajra)",2015,"Haryana",370,787.749,2129.051
"304","Pearl Millet (Bajra)",2016,"Haryana",478,931,1947.699
"305","Pearl Millet (Bajra)",2017,"Haryana",450,964.71,2143.8
"306","Pearl Millet (Bajra)",2018,"Haryana",424.7,878.28,2068
"307","Pearl Millet (Bajra)",2019,"Haryana",492.8,1019.11,2068
"308","Pearl Millet (Bajra)",1966,"Himachal Pradesh",0.1,6,1000
"309","Pearl Millet (Bajra)",1967,"Himachal Pradesh",0.1,0.7,3062.5
"310","Pearl Millet (Bajra)",1968,"Himachal Pradesh",0.1,0.3,1000
"311","Pearl Millet (Bajra)",1969,"Himachal Pradesh",0.1,6,1000
"312","Pearl Millet (Bajra)",1970,"Himachal Pradesh",0.1,0.716,449
"313","Pearl Millet (Bajra)",1996,"Himachal Pradesh",0.1,0.1,1000
"314","Pearl Millet (Bajra)",1998,"Himachal Pradesh",0.5,0.3,600
"315","Pearl Millet (Bajra)",1999,"Himachal Pradesh",0.1,0.1,1000
"316","Pearl Millet (Bajra)",2000,"Himachal Pradesh",0.1,4.6,2545
"317","Pearl Millet (Bajra)",2002,"Himachal Pradesh",0.1,0.1,1000
"318","Pearl Millet (Bajra)",2003,"Himachal Pradesh",0.3,0.2,666.667
"319","Pearl Millet (Bajra)",2004,"Himachal Pradesh",0.3,0.2,666.667
"320","Pearl Millet (Bajra)",2007,"Himachal Pradesh",0.4,0.2,500
"321","Pearl Millet (Bajra)",2008,"Himachal Pradesh",0.2,0.1,500
"322","Pearl Millet (Bajra)",2009,"Himachal Pradesh",0.121,0.131,1082.645
"323","Pearl Millet (Bajra)",2010,"Himachal Pradesh",0.2,0.1,500
"324","Pearl Millet (Bajra)",2012,"Himachal Pradesh",2.31,1.283,555.411
"325","Pearl Millet (Bajra)",2013,"Himachal Pradesh",0.77,831,1079220.779
"326","Pearl Millet (Bajra)",2015,"Himachal Pradesh",0.084,652,7761904.762
"327","Pearl Millet (Bajra)",2016,"Himachal Pradesh",0.709,964,1359661.495
"328","Pearl Millet (Bajra)",2017,"Himachal Pradesh",0.079,720.9,9125316.456
"329","Pearl Millet (Bajra)",2018,"Himachal Pradesh",0.088,0.064,730
"330","Pearl Millet (Bajra)",1966,"Jammu & Kashmir",11.2,4.3,383.929
"331","Pearl Millet (Bajra)",1969,"Jammu & Kashmir",11.4,7,614.035
"332","Pearl Millet (Bajra)",1970,"Jammu & Kashmir",19.2,11.1,578.125
"333","Pearl Millet (Bajra)",1971,"Jammu & Kashmir",19.2,11,572.917
"334","Pearl Millet (Bajra)",1972,"Jammu & Kashmir",17.4,9.2,528.736
"335","Pearl Millet (Bajra)",1973,"Jammu & Kashmir",15.2,8.2,539.474
"336","Pearl Millet (Bajra)",1974,"Jammu & Kashmir",16.7,6.5,389.222
"337","Pearl Millet (Bajra)",1975,"Jammu & Kashmir",16,10.5,656.25
"338","Pearl Millet (Bajra)",1976,"Jammu & Kashmir",15.5,9.5,612.903
"339","Pearl Millet (Bajra)",1977,"Jammu & Kashmir",15.2,9.8,644.737
"340","Pearl Millet (Bajra)",1978,"Jammu & Kashmir",15.2,11.8,776.316
"341","Pearl Millet (Bajra)",1979,"Jammu & Kashmir",16.8,10.1,601.19
"342","Pearl Millet (Bajra)",1984,"Jammu & Kashmir",17.4,6.4,367.816
"343","Pearl Millet (Bajra)",1985,"Jammu & Kashmir",17,6.2,364.706
"344","Pearl Millet (Bajra)",1986,"Jammu & Kashmir",14.8,5.3,358.108
"345","Pearl Millet (Bajra)",1988,"Jammu & Kashmir",14.5,5.4,372.414
"346","Pearl Millet (Bajra)",1989,"Jammu & Kashmir",16.9,7.9,467.456
"347","Pearl Millet (Bajra)",1990,"Jammu & Kashmir",16.9,7.9,467.456
"348","Pearl Millet (Bajra)",1991,"Jammu & Kashmir",19.6,9.5,484.694
"349","Pearl Millet (Bajra)",1992,"Jammu & Kashmir",13.3,6.7,503.759
"350","Pearl Millet (Bajra)",1993,"Jammu & Kashmir",12.7,6.1,480.315
"351","Pearl Millet (Bajra)",1996,"Jammu & Kashmir",10.2,4.9,480.392
"352","Pearl Millet (Bajra)",1997,"Jammu & Kashmir",10.2,5.2,509.804
"353","Pearl Millet (Bajra)",1999,"Jammu & Kashmir",13.4,6.4,477.612
"354","Pearl Millet (Bajra)",2000,"Jammu & Kashmir",13.3,6.2,466.165
"355","Pearl Millet (Bajra)",2004,"Jammu & Kashmir",16,9.6,600
"356","Pearl Millet (Bajra)",2005,"Jammu & Kashmir",13,7.8,600
"357","Pearl Millet (Bajra)",2006,"Jammu & Kashmir",20.8,12.3,591.346
"358","Pearl Millet (Bajra)",2008,"Jammu & Kashmir",17.9,10.6,592.179
"359","Pearl Millet (Bajra)",2009,"Jammu & Kashmir",17.402,10.938,628.548
"360","Pearl Millet (Bajra)",2010,"Jammu & Kashmir",16.586,9.92,598.095
"361","Pearl Millet (Bajra)",2011,"Jammu & Kashmir",18.926,11.19,591.25
"362","Pearl Millet (Bajra)",2012,"Jammu & Kashmir",19.54,11.69,598.26
"363","Pearl Millet (Bajra)",2013,"Jammu & Kashmir",14.11,0.42,29.766
"364","Pearl Millet (Bajra)",2014,"Jammu & Kashmir",15.8,0.36,22.785
"365","Pearl Millet (Bajra)",2015,"Jammu & Kashmir",9.084,0.047,5.174
"366","Pearl Millet (Bajra)",2016,"Jammu & Kashmir",13.869,0.355,25.597
"367","Pearl Millet (Bajra)",2018,"Jammu & Kashmir",24.358,13.592,558
"368","Pearl Millet (Bajra)",2019,"Jammu & Kashmir",9.779,5.819,595
"369","Pearl Millet (Bajra)",2000,"Jharkhand",4.2,2.6,619.048
"370","Pearl Millet (Bajra)",2001,"Jharkhand",4.3,2.4,558.14
"371","Pearl Millet (Bajra)",2003,"Jharkhand",1,3,3000
"372","Pearl Millet (Bajra)",2004,"Jharkhand",2.4,2,833.333
"373","Pearl Millet (Bajra)",2006,"Jharkhand",0.2,0.1,500
"374","Pearl Millet (Bajra)",2007,"Jharkhand",0.2,0.05,2500
"375","Pearl Millet (Bajra)",2008,"Jharkhand",0.1,0.1,1000
"376","Pearl Millet (Bajra)",2009,"Jharkhand",0.054,0.031,574.074
"377","Pearl Millet (Bajra)",2010,"Jharkhand",0.054,0.038,703.704
"378","Pearl Millet (Bajra)",2011,"Jharkhand",0.204,0.106,519.608
"379","Pearl Millet (Bajra)",2013,"Jharkhand",0.165,8.39,50848.485
"380","Pearl Millet (Bajra)",2015,"Jharkhand",0.216,5.36,24815.278
"381","Pearl Millet (Bajra)",2016,"Jharkhand",0.333,8.208,24648.649
"382","Pearl Millet (Bajra)",2018,"Jharkhand",0.13,0.075,578
"383","Pearl Millet (Bajra)",1966,"Karnataka",407.6,109.1,267.664
"384","Pearl Millet (Bajra)",1967,"Karnataka",772.8,166.7,215.709
"385","Pearl Millet (Bajra)",1969,"Karnataka",566.7,226.6,399.859
"386","Pearl Millet (Bajra)",1971,"Karnataka",521.8,173.8,333.078
"387","Pearl Millet (Bajra)",1972,"Karnataka",265.6,79.7,300.075
"388","Pearl Millet (Bajra)",1973,"Karnataka",499.8,298.3,596.839
"389","Pearl Millet (Bajra)",1974,"Karnataka",487.1,246.3,505.646
"390","Pearl Millet (Bajra)",1975,"Karnataka",563.1,277.4,492.63
"391","Pearl Millet (Bajra)",1977,"Karnataka",717.2,324.6,452.593
"392","Pearl Millet (Bajra)",1978,"Karnataka",716.8,300.5,419.224
"393","Pearl Millet (Bajra)",1981,"Karnataka",635.3,323,508.421
"394","Pearl Millet (Bajra)",1982,"Karnataka",573.4,212.4,370.422
"395","Pearl Millet (Bajra)",1983,"Karnataka",589.2,318.9,541.242
"396","Pearl Millet (Bajra)",1984,"Karnataka",435.7,168.1,385.816
"397","Pearl Millet (Bajra)",1986,"Karnataka",485.1,230.5,475.16
"398","Pearl Millet (Bajra)",1987,"Karnataka",469.6,259,551.533
"399","Pearl Millet (Bajra)",1988,"Karnataka",464.3,202.7,436.571
"400","Pearl Millet (Bajra)",1989,"Karnataka",514.2,281.2,546.869
"401","Pearl Millet (Bajra)",1990,"Karnataka",420,205.5,489.286
"402","Pearl Millet (Bajra)",1991,"Karnataka",411.8,226.4,549.781
"403","Pearl Millet (Bajra)",1992,"Karnataka",374.8,214.8,573.106
"404","Pearl Millet (Bajra)",1995,"Karnataka",400.1,269.3,673.082
"405","Pearl Millet (Bajra)",1996,"Karnataka",416.5,270.4,649.22
"406","Pearl Millet (Bajra)",1997,"Karnataka",302.1,132.9,439.921
"407","Pearl Millet (Bajra)",1998,"Karnataka",417.1,283.2,678.974
"408","Pearl Millet (Bajra)",2001,"Karnataka",209.5,112.3,536.038
"409","Pearl Millet (Bajra)",2002,"Karnataka",304.6,120.1,394.288
"410","Pearl Millet (Bajra)",2003,"Karnataka",318.7,191.5,600.879
"411","Pearl Millet (Bajra)",2004,"Karnataka",444,267,601.351
"412","Pearl Millet (Bajra)",2005,"Karnataka",431,421,976.798
"413","Pearl Millet (Bajra)",2006,"Karnataka",387,187,483.204
"414","Pearl Millet (Bajra)",2007,"Karnataka",432,356,824.074
"415","Pearl Millet (Bajra)",2009,"Karnataka",305,153,501.639
"416","Pearl Millet (Bajra)",2010,"Karnataka",309,334,1080.906
"417","Pearl Millet (Bajra)",2012,"Karnataka",275,285,1036.364
"418","Pearl Millet (Bajra)",2013,"Karnataka",280,0.085,0.304
"419","Pearl Millet (Bajra)",2014,"Karnataka",234,0.12,0.513
"420","Pearl Millet (Bajra)",2015,"Karnataka",166,0.114,0.687
"421","Pearl Millet (Bajra)",2016,"Karnataka",242,0.222,0.917
"422","Pearl Millet (Bajra)",2019,"Karnataka",322,367.08,1140
"423","Pearl Millet (Bajra)",1966,"Madhya Pradesh",248.7,192.1,772.417
"424","Pearl Millet (Bajra)",1967,"Madhya Pradesh",285.8,149.5,523.093
"425","Pearl Millet (Bajra)",1968,"Madhya Pradesh",299.8,147.8,492.995
"426","Pearl Millet (Bajra)",1970,"Madhya Pradesh",222.5,120.3,540.674
"427","Pearl Millet (Bajra)",1971,"Madhya Pradesh",198.4,119,599.798
"428","Pearl Millet (Bajra)",1972,"Madhya Pradesh",224,145.3,648.661
"429","Pearl Millet (Bajra)",1973,"Madhya Pradesh",219.3,213.3,972.64
"430","Pearl Millet (Bajra)",1974,"Madhya Pradesh",180.5,88.6,490.859
"431","Pearl Millet (Bajra)",1975,"Madhya Pradesh",197.7,119.5,604.451
"432","Pearl Millet (Bajra)",1976,"Madhya Pradesh",194.1,123.9,638.331
"433","Pearl Millet (Bajra)",1979,"Madhya Pradesh",174.3,135.5,777.395
"434","Pearl Millet (Bajra)",1980,"Madhya Pradesh",198.9,120.8,607.34
"435","Pearl Millet (Bajra)",1981,"Madhya Pradesh",174.3,79.4,455.536
"436","Pearl Millet (Bajra)",1982,"Madhya Pradesh",171.4,105,612.602
"437","Pearl Millet (Bajra)",1983,"Madhya Pradesh",173.8,122.8,706.559
"438","Pearl Millet (Bajra)",1984,"Madhya Pradesh",162.5,125.8,774.154
"439","Pearl Millet (Bajra)",1986,"Madhya Pradesh",165.9,123.9,746.835
"440","Pearl Millet (Bajra)",1987,"Madhya Pradesh",179.3,124.3,693.252
"441","Pearl Millet (Bajra)",1988,"Madhya Pradesh",174.7,157.5,901.546
"442","Pearl Millet (Bajra)",1989,"Madhya Pradesh",169.9,134.1,789.288
"443","Pearl Millet (Bajra)",1990,"Madhya Pradesh",173,152.2,879.769
"444","Pearl Millet (Bajra)",1991,"Madhya Pradesh",158.2,115.6,730.721
"445","Pearl Millet (Bajra)",1992,"Madhya Pradesh",157,148.2,943.949
"446","Pearl Millet (Bajra)",1993,"Madhya Pradesh",512.1,125.6,245.265
"447","Pearl Millet (Bajra)",1994,"Madhya Pradesh",141.6,120.6,851.695
"448","Pearl Millet (Bajra)",1995,"Madhya Pradesh",134.5,117.5,873.606
"449","Pearl Millet (Bajra)",1996,"Madhya Pradesh",139.8,136,972.818
"450","Pearl Millet (Bajra)",1998,"Madhya Pradesh",141.2,165.5,1172.096
"451","Pearl Millet (Bajra)",1999,"Madhya Pradesh",137.7,138.8,1007.988
"452","Pearl Millet (Bajra)",2000,"Madhya Pradesh",165.2,207,1253.027
"453","Pearl Millet (Bajra)",2001,"Madhya Pradesh",163,207.2,1271.166
"454","Pearl Millet (Bajra)",2002,"Madhya Pradesh",168.8,127.3,754.147
"455","Pearl Millet (Bajra)",2003,"Madhya Pradesh",202.4,284,1403.162
"456","Pearl Millet (Bajra)",2004,"Madhya Pradesh",176.5,241.5,1368.272
"457","Pearl Millet (Bajra)",2005,"Madhya Pradesh",182.2,271.7,1491.218
"458","Pearl Millet (Bajra)",2006,"Madhya Pradesh",186,253.9,1365.054
"459","Pearl Millet (Bajra)",2007,"Madhya Pradesh",179.8,252.1,1402.113
"460","Pearl Millet (Bajra)",2008,"Madhya Pradesh",175.3,240.6,1372.504
"461","Pearl Millet (Bajra)",2009,"Madhya Pradesh",165.5,247.5,1495.468
"462","Pearl Millet (Bajra)",2010,"Madhya Pradesh",162.3,308,1897.72
"463","Pearl Millet (Bajra)",2011,"Madhya Pradesh",179,344.4,1924.022
"464","Pearl Millet (Bajra)",2012,"Madhya Pradesh",189.9,297.7,1567.667
"465","Pearl Millet (Bajra)",2013,"Madhya Pradesh",189.6,331,1745.781
"466","Pearl Millet (Bajra)",2014,"Madhya Pradesh",225,248,1102.222
"467","Pearl Millet (Bajra)",2015,"Madhya Pradesh",267,145.217,543.883
"468","Pearl Millet (Bajra)",2017,"Madhya Pradesh",310,286.694,924.82
"469","Pearl Millet (Bajra)",2018,"Madhya Pradesh",327,628.167,1921
"470","Pearl Millet (Bajra)",2019,"Madhya Pradesh",295.89,656.58,2219
"471","Pearl Millet (Bajra)",1968,"Maharashtra",1890.5,597.8,316.213
"472","Pearl Millet (Bajra)",1969,"Maharashtra",2257.2,762.9,337.985
"473","Pearl Millet (Bajra)",1970,"Maharashtra",1928.5,787.7,408.452
"474","Pearl Millet (Bajra)",1971,"Maharashtra",1134.7,239.1,210.716
"475","Pearl Millet (Bajra)",1972,"Maharashtra",1278.2,204.2,159.756
"476","Pearl Millet (Bajra)",1973,"Maharashtra",2239.3,857.1,382.754
"477","Pearl Millet (Bajra)",1974,"Maharashtra",1905.2,587.1,308.157
"478","Pearl Millet (Bajra)",1976,"Maharashtra",1767.5,680.5,385.007
"479","Pearl Millet (Bajra)",1978,"Maharashtra",1575.3,539.3,342.347
"480","Pearl Millet (Bajra)",1979,"Maharashtra",1428.4,607.1,425.021
"481","Pearl Millet (Bajra)",1981,"Maharashtra",1743.7,778.6,446.522
"482","Pearl Millet (Bajra)",1982,"Maharashtra",1389.5,444.9,320.187
"483","Pearl Millet (Bajra)",1984,"Maharashtra",1761.3,566.2,321.467
"484","Pearl Millet (Bajra)",1985,"Maharashtra",1702.8,419.8,246.535
"485","Pearl Millet (Bajra)",1986,"Maharashtra",1733.7,465.2,268.328
"486","Pearl Millet (Bajra)",1987,"Maharashtra",1814.9,909.6,501.185
"487","Pearl Millet (Bajra)",1988,"Maharashtra",1963.7,900.5,458.573
"488","Pearl Millet (Bajra)",1989,"Maharashtra",1912.7,1204.5,629.738
"489","Pearl Millet (Bajra)",1990,"Maharashtra",1927,1114.3,578.256
"490","Pearl Millet (Bajra)",1991,"Maharashtra",1910.5,897.8,469.929
"491","Pearl Millet (Bajra)",1992,"Maharashtra",1908.1,1779.6,932.656
"492","Pearl Millet (Bajra)",1993,"Maharashtra",1790.5,1210.4,676.012
"493","Pearl Millet (Bajra)",1995,"Maharashtra",1664.9,965.4,579.855
"494","Pearl Millet (Bajra)",1996,"Maharashtra",1946.8,1831.1,940.569
"495","Pearl Millet (Bajra)",1997,"Maharashtra",1871.2,1119,598.012
"496","Pearl Millet (Bajra)",1998,"Maharashtra",1759.7,1492.5,848.156
"497","Pearl Millet (Bajra)",1999,"Maharashtra",1736.4,1134,653.075
"498","Pearl Millet (Bajra)",2000,"Maharashtra",1800,1087.3,604.056
"499","Pearl Millet (Bajra)",2001,"Maharashtra",1399.2,830.8,593.768
"500","Pearl Millet (Bajra)",2002,"Maharashtra",1547,1146,740.789
"501","Pearl Millet (Bajra)",2003,"Maharashtra",1325,896,676.226
"502","Pearl Millet (Bajra)",2004,"Maharashtra",1529,1126,736.429
"503","Pearl Millet (Bajra)",2005,"Maharashtra",1434,1032,719.665
"504","Pearl Millet (Bajra)",2006,"Maharashtra",1452,1059,729.339
"505","Pearl Millet (Bajra)",2007,"Maharashtra",1283,1127,878.41
"506","Pearl Millet (Bajra)",2008,"Maharashtra",865,662,765.318
"507","Pearl Millet (Bajra)",2009,"Maharashtra",1034,766,740.812
"508","Pearl Millet (Bajra)",2010,"Maharashtra",1035,1123,1085.024
"509","Pearl Millet (Bajra)",2011,"Maharashtra",838,823,982.1
"510","Pearl Millet (Bajra)",2012,"Maharashtra",788,502,637.056
"511","Pearl Millet (Bajra)",2013,"Maharashtra",762,379.8,498.425
"512","Pearl Millet (Bajra)",2014,"Maharashtra",865,445,514.451
"513","Pearl Millet (Bajra)",2015,"Maharashtra",801,618,771.536
"514","Pearl Millet (Bajra)",2016,"Maharashtra",837.1,680.61,813.057
"515","Pearl Millet (Bajra)",2017,"Maharashtra",788,755,958.122
"516","Pearl Millet (Bajra)",2018,"Maharashtra",609.6,332.232,545
"517","Pearl Millet (Bajra)",2019,"Maharashtra",672.78,511.986,761
"518","Pearl Millet (Bajra)",1998,"Nagaland",1,0.8,800
"519","Pearl Millet (Bajra)",1999,"Nagaland",1.5,1.3,866.667
"520","Pearl Millet (Bajra)",2000,"Nagaland",1.5,1.3,866.667
"521","Pearl Millet (Bajra)",2001,"Nagaland",2,1.2,600
"522","Pearl Millet (Bajra)",2002,"Nagaland",2,4,2000
"523","Pearl Millet (Bajra)",2003,"Nagaland",3,5,1666.667
"524","Pearl Millet (Bajra)",2004,"Nagaland",2.7,4,1481.481
"525","Pearl Millet (Bajra)",2005,"Nagaland",3.1,3.1,1000
"526","Pearl Millet (Bajra)",2006,"Nagaland",0.007,0.3,1000
"527","Pearl Millet (Bajra)",2007,"Nagaland",3,6.4,866.667
"528","Pearl Millet (Bajra)",2008,"Nagaland",6,1.7,600
"529","Pearl Millet (Bajra)",2010,"Nagaland",0.7,0.6,857.143
"530","Pearl Millet (Bajra)",2011,"Nagaland",0.65,0.56,861.538
"531","Pearl Millet (Bajra)",2012,"Nagaland",0.68,0.69,1014.706
"532","Pearl Millet (Bajra)",2013,"Nagaland",0.69,788,1142028.986
"533","Pearl Millet (Bajra)",2015,"Nagaland",0.69,333,482608.696
"534","Pearl Millet (Bajra)",2016,"Nagaland",0.69,799.8,1159130.435
"535","Pearl Millet (Bajra)",2017,"Nagaland",0.7,669.012,955731.429
"536","Pearl Millet (Bajra)",2018,"Nagaland",0.71,0.72,1014
"537","Pearl Millet (Bajra)",2019,"Nagaland",0.71,0.72,1014
"538","Pearl Millet (Bajra)",2019,"Odisha",1.87,1.159,620
"539","Pearl Millet (Bajra)",1966,"Orissa",5,2.4,480
"540","Pearl Millet (Bajra)",1967,"Orissa",1.9,1.5,789.474
"541","Pearl Millet (Bajra)",1968,"Orissa",2.1,1.9,904.762
"542","Pearl Millet (Bajra)",1969,"Orissa",2.6,2.5,961.538
"543","Pearl Millet (Bajra)",1970,"Orissa",3.7,1.5,405.405
"544","Pearl Millet (Bajra)",1971,"Orissa",4,1.9,475
"545","Pearl Millet (Bajra)",1972,"Orissa",3.4,1.5,441.176
"546","Pearl Millet (Bajra)",1973,"Orissa",4.1,1.4,341.463
"547","Pearl Millet (Bajra)",1976,"Orissa",6.2,2.8,451.613
"548","Pearl Millet (Bajra)",1977,"Orissa",7.1,3.1,436.62
"549","Pearl Millet (Bajra)",1978,"Orissa",8.2,4.2,512.195
"550","Pearl Millet (Bajra)",1979,"Orissa",8.3,3.7,445.783
"551","Pearl Millet (Bajra)",1980,"Orissa",9.5,6.4,673.684
"552","Pearl Millet (Bajra)",1981,"Orissa",8.3,6.3,759.036
"553","Pearl Millet (Bajra)",1982,"Orissa",8.4,6.4,761.905
"554","Pearl Millet (Bajra)",1983,"Orissa",8.2,9.5,1158.537
"555","Pearl Millet (Bajra)",1984,"Orissa",7.5,8.7,1160
"556","Pearl Millet (Bajra)",1985,"Orissa",8.8,10.1,1147.727
"557","Pearl Millet (Bajra)",1986,"Orissa",7.4,5.7,770.27
"558","Pearl Millet (Bajra)",1987,"Orissa",7.7,6.3,818.182
"559","Pearl Millet (Bajra)",1989,"Orissa",7.2,6,833.333
"560","Pearl Millet (Bajra)",1990,"Orissa",7,6,857.143
"561","Pearl Millet (Bajra)",1991,"Orissa",8.8,7.8,886.364
"562","Pearl Millet (Bajra)",1992,"Orissa",5.6,3.8,678.571
"563","Pearl Millet (Bajra)",1993,"Orissa",6.9,4,579.71
"564","Pearl Millet (Bajra)",1994,"Orissa",5.7,3,526.316
"565","Pearl Millet (Bajra)",1995,"Orissa",5.6,3.5,625
"566","Pearl Millet (Bajra)",1997,"Orissa",3.8,2,526.316
"567","Pearl Millet (Bajra)",1998,"Orissa",3.1,1.7,548.387
"568","Pearl Millet (Bajra)",2000,"Orissa",5,2,400
"569","Pearl Millet (Bajra)",2003,"Orissa",3.3,1.7,515.152
"570","Pearl Millet (Bajra)",2004,"Orissa",3.2,1.6,500
"571","Pearl Millet (Bajra)",2005,"Orissa",2.9,1.6,551.724
"572","Pearl Millet (Bajra)",2006,"Orissa",2.4,1.4,583.333
"573","Pearl Millet (Bajra)",2007,"Orissa",2.7,1.6,592.593
"574","Pearl Millet (Bajra)",2008,"Orissa",3,1.8,600
"575","Pearl Millet (Bajra)",2009,"Orissa",2.78,1.68,604.317
"576","Pearl Millet (Bajra)",2010,"Orissa",3.3,2.1,636.364
"577","Pearl Millet (Bajra)",2011,"Orissa",3.09,1.9,614.887
"578","Pearl Millet (Bajra)",2012,"Orissa",2.837,1.73,609.799
"579","Pearl Millet (Bajra)",2013,"Orissa",3.03,0.7,231.023
"580","Pearl Millet (Bajra)",2014,"Orissa",2.35,0.7,297.872
"581","Pearl Millet (Bajra)",2015,"Orissa",2.11,0.7,331.754
"582","Pearl Millet (Bajra)",2016,"Orissa",1.84,0.7,380.435
"583","Pearl Millet (Bajra)",2017,"Orissa",1.76,0.71,403.295
"584","Pearl Millet (Bajra)",1966,"Pondicherry",1.1,0.8,727.273
"585","Pearl Millet (Bajra)",1969,"Pondicherry",2,2.1,1050
"586","Pearl Millet (Bajra)",1970,"Pondicherry",2.2,2.6,1181.818
"587","Pearl Millet (Bajra)",1971,"Pondicherry",1.2,2,1666.667
"588","Pearl Millet (Bajra)",1972,"Pondicherry",0.7,1.3,1857.143
"589","Pearl Millet (Bajra)",1973,"Pondicherry",1,2.1,2100
"590","Pearl Millet (Bajra)",1975,"Pondicherry",1.7,4.2,2470.588
"591","Pearl Millet (Bajra)",1976,"Pondicherry",1.7,3.9,2294.118
"592","Pearl Millet (Bajra)",1977,"Pondicherry",1.3,3.8,2923.077
"593","Pearl Millet (Bajra)",1980,"Pondicherry",2.3,6.7,2913.043
"594","Pearl Millet (Bajra)",1981,"Pondicherry",1.8,5,2777.778
"595","Pearl Millet (Bajra)",1982,"Pondicherry",1.3,3,2307.692
"596","Pearl Millet (Bajra)",1983,"Pondicherry",1.3,2.7,2076.923
"597","Pearl Millet (Bajra)",1984,"Pondicherry",0.9,3.5,3888.889
"598","Pearl Millet (Bajra)",1985,"Pondicherry",0.8,2.7,3375
"599","Pearl Millet (Bajra)",1986,"Pondicherry",0.5,1.3,2600
"600","Pearl Millet (Bajra)",1988,"Pondicherry",0.4,1.1,2750
"601","Pearl Millet (Bajra)",1990,"Pondicherry",0.6,0.8,1333.333
"602","Pearl Millet (Bajra)",1991,"Pondicherry",0.5,0.7,1400
"603","Pearl Millet (Bajra)",1992,"Pondicherry",0.4,1,2500
"604","Pearl Millet (Bajra)",1993,"Pondicherry",0.3,0.6,2000
"605","Pearl Millet (Bajra)",1994,"Pondicherry",0.2,0.3,1500
"606","Pearl Millet (Bajra)",1995,"Pondicherry",0.2,0.4,2000
"607","Pearl Millet (Bajra)",1996,"Pondicherry",0.3,0.5,1666.667
"608","Pearl Millet (Bajra)",1997,"Pondicherry",0.2,0.4,2000
"609","Pearl Millet (Bajra)",1998,"Pondicherry",0.1,0.3,3000
"610","Pearl Millet (Bajra)",1999,"Pondicherry",0.2,0.5,2500
"611","Pearl Millet (Bajra)",2001,"Pondicherry",0.2,0.5,2500
"612","Pearl Millet (Bajra)",2002,"Pondicherry",0.2,0.4,2000
"613","Pearl Millet (Bajra)",2003,"Pondicherry",0.2,0.4,2000
"614","Pearl Millet (Bajra)",2004,"Pondicherry",0.2,0.4,2000
"615","Pearl Millet (Bajra)",2005,"Pondicherry",0.2,0.5,2500
"616","Pearl Millet (Bajra)",2006,"Pondicherry",0.2,0.5,2500
"617","Pearl Millet (Bajra)",2008,"Pondicherry",0.1,0.1,1000
"618","Pearl Millet (Bajra)",2009,"Pondicherry",0.06,0.111,1850
"619","Pearl Millet (Bajra)",2011,"Pondicherry",0.03,0.08,2666.667
"620","Pearl Millet (Bajra)",2012,"Pondicherry",0.2,0.1,500
"621","Pearl Millet (Bajra)",2013,"Pondicherry",65.5,0.04,722.501
"622","Pearl Millet (Bajra)",2014,"Pondicherry",0.01,0.05,5000
"623","Pearl Millet (Bajra)",2015,"Pondicherry",0.007,0.052,7428.571
"624","Pearl Millet (Bajra)",2016,"Pondicherry",0.016,0.049,3062.5
"625","Pearl Millet (Bajra)",2017,"Pondicherry",0.014,0.06,4285.714
"626","Pearl Millet (Bajra)",2018,"Puducherry",0.011,0.028,2545
"627","Pearl Millet (Bajra)",1966,"Punjab",184,150,815.217
"628","Pearl Millet (Bajra)",1967,"Punjab",209,208,995.215
"629","Pearl Millet (Bajra)",1968,"Punjab",192,201,1046.875
"630","Pearl Millet (Bajra)",1970,"Punjab",207.1,243,1173.346
"631","Pearl Millet (Bajra)",1971,"Punjab",145.2,171,1177.686
"632","Pearl Millet (Bajra)",1972,"Punjab",128.6,108,839.813
"633","Pearl Millet (Bajra)",1974,"Punjab",131,116,885.496
"634","Pearl Millet (Bajra)",1975,"Punjab",181.7,189,1040.176
"635","Pearl Millet (Bajra)",1976,"Punjab",157,145,923.567
"636","Pearl Millet (Bajra)",1977,"Punjab",105,119,1133.333
"637","Pearl Millet (Bajra)",1978,"Punjab",97,94,969.072
"638","Pearl Millet (Bajra)",1980,"Punjab",71,89,1253.521
"639","Pearl Millet (Bajra)",1982,"Punjab",42,50,1190.476
"640","Pearl Millet (Bajra)",1983,"Punjab",44,54,1227.273
"641","Pearl Millet (Bajra)",1984,"Punjab",59.3,60,1011.804
"642","Pearl Millet (Bajra)",1985,"Punjab",31,27,870.968
"643","Pearl Millet (Bajra)",1986,"Punjab",23,27,1173.913
"644","Pearl Millet (Bajra)",1989,"Punjab",11,10,909.091
"645","Pearl Millet (Bajra)",1990,"Punjab",11,12,1090.909
"646","Pearl Millet (Bajra)",1992,"Punjab",8,8,1000
"647","Pearl Millet (Bajra)",1993,"Punjab",16,19,1187.5
"648","Pearl Millet (Bajra)",1994,"Punjab",11,12,1090.909
"649","Pearl Millet (Bajra)",1995,"Punjab",8,8,1000
"650","Pearl Millet (Bajra)",1996,"Punjab",6,6,1000
"651","Pearl Millet (Bajra)",1997,"Punjab",8,8,1000
"652","Pearl Millet (Bajra)",1998,"Punjab",4,4,1000
"653","Pearl Millet (Bajra)",1999,"Punjab",5,4,800
"654","Pearl Millet (Bajra)",2000,"Punjab",5,5,1000
"655","Pearl Millet (Bajra)",2001,"Punjab",7,7,1000
"656","Pearl Millet (Bajra)",2002,"Punjab",7,6,857.143
"657","Pearl Millet (Bajra)",2004,"Punjab",7,7,1000
"658","Pearl Millet (Bajra)",2005,"Punjab",5,5,1000
"659","Pearl Millet (Bajra)",2006,"Punjab",6,6,1000
"660","Pearl Millet (Bajra)",2007,"Punjab",4,4,1000
"661","Pearl Millet (Bajra)",2008,"Punjab",5,5,1000
"662","Pearl Millet (Bajra)",2009,"Punjab",3,4,1333.333
"663","Pearl Millet (Bajra)",2010,"Punjab",3,3,1000
"664","Pearl Millet (Bajra)",2012,"Punjab",3,3,1000
"665","Pearl Millet (Bajra)",2013,"Punjab",0.8,1.85,2312.5
"666","Pearl Millet (Bajra)",2014,"Punjab",23.6,1.44,548.387
"667","Pearl Millet (Bajra)",2017,"Punjab",1,1.089,1089.44
"668","Pearl Millet (Bajra)",2018,"Punjab",1.1,0.716,651
"669","Pearl Millet (Bajra)",2019,"Punjab",0.5,0.318,635
"670","Pearl Millet (Bajra)",1966,"Rajasthan",5014.5,1228.6,245.009
"671","Pearl Millet (Bajra)",1969,"Rajasthan",4346.4,807.8,185.855
"672","Pearl Millet (Bajra)",1970,"Rajasthan",5126.9,2673.6,521.485
"673","Pearl Millet (Bajra)",1971,"Rajasthan",5099.6,1363.3,267.335
"674","Pearl Millet (Bajra)",1972,"Rajasthan",5234.5,863.9,165.04
"675","Pearl Millet (Bajra)",1974,"Rajasthan",4224.3,424.6,100.514
"676","Pearl Millet (Bajra)",1975,"Rajasthan",3716.7,1129.1,303.791
"677","Pearl Millet (Bajra)",1976,"Rajasthan",3615,1323.6,366.141
"678","Pearl Millet (Bajra)",1980,"Rajasthan",5031.7,1135.2,225.61
"679","Pearl Millet (Bajra)",1981,"Rajasthan",4944.8,803.9,162.575
"680","Pearl Millet (Bajra)",1982,"Rajasthan",4807.7,1389.6,289.036
"681","Pearl Millet (Bajra)",1983,"Rajasthan",4996.4,2450.8,490.513
"682","Pearl Millet (Bajra)",1984,"Rajasthan",4367.1,1598.7,366.078
"683","Pearl Millet (Bajra)",1985,"Rajasthan",4768.7,731.3,153.354
"684","Pearl Millet (Bajra)",1986,"Rajasthan",5281,1015.1,192.217
"685","Pearl Millet (Bajra)",1987,"Rajasthan",3571,462.8,129.6
"686","Pearl Millet (Bajra)",1988,"Rajasthan",5707.9,2694.2,472.012
"687","Pearl Millet (Bajra)",1989,"Rajasthan",4927.8,1829.8,371.322
"688","Pearl Millet (Bajra)",1990,"Rajasthan",4854.8,2491.9,513.286
"689","Pearl Millet (Bajra)",1991,"Rajasthan",4597,1071.7,233.13
"690","Pearl Millet (Bajra)",1992,"Rajasthan",5002.6,2893.5,578.399
"691","Pearl Millet (Bajra)",1994,"Rajasthan",4978.1,2568.4,515.94
"692","Pearl Millet (Bajra)",1995,"Rajasthan",4271.7,1156.3,270.688
"693","Pearl Millet (Bajra)",1996,"Rajasthan",4710.3,2320.2,492.58
"694","Pearl Millet (Bajra)",1998,"Rajasthan",4183.5,1800.3,430.333
"695","Pearl Millet (Bajra)",1999,"Rajasthan",3945.2,1300.8,329.717
"696","Pearl Millet (Bajra)",2000,"Rajasthan",4636.9,2046.7,441.394
"697","Pearl Millet (Bajra)",2001,"Rajasthan",5129.9,3819.8,744.615
"698","Pearl Millet (Bajra)",2002,"Rajasthan",3215.4,717.9,223.269
"699","Pearl Millet (Bajra)",2003,"Rajasthan",5857.8,6657,1136.433
"700","Pearl Millet (Bajra)",2004,"Rajasthan",4564.6,3002.2,657.714
"701","Pearl Millet (Bajra)",2005,"Rajasthan",4962,2759.3,556.086
"702","Pearl Millet (Bajra)",2006,"Rajasthan",4878.5,3421,701.24
"703","Pearl Millet (Bajra)",2007,"Rajasthan",5077.4,4223.3,831.784
"704","Pearl Millet (Bajra)",2008,"Rajasthan",5174.6,4283.4,827.774
"705","Pearl Millet (Bajra)",2009,"Rajasthan",5168.502,2034.875,393.707
"706","Pearl Millet (Bajra)",2010,"Rajasthan",5488.7,4566.598,832
"707","Pearl Millet (Bajra)",2011,"Rajasthan",5019.89,4593.208,915.002
"708","Pearl Millet (Bajra)",2012,"Rajasthan",3988.89,3876.71,971.877
"709","Pearl Millet (Bajra)",2013,"Rajasthan",4434.56,0.8,0.18
"710","Pearl Millet (Bajra)",2015,"Rajasthan",4044.591,1047.7,885.496
"711","Pearl Millet (Bajra)",2016,"Rajasthan",4150.312,0.7,0.169
"712","Pearl Millet (Bajra)",2017,"Rajasthan",4236.288,0.598,0.141
"713","Pearl Millet (Bajra)",2018,"Rajasthan",4180.2,3808.162,911
"714","Pearl Millet (Bajra)",2019,"Rajasthan",4287.17,4685.877,1093
"715","Pearl Millet (Bajra)",1967,"Tamil Nadu",445.5,295.5,663.3
"716","Pearl Millet (Bajra)",1968,"Tamil Nadu",401.9,253,629.51
"717","Pearl Millet (Bajra)",1969,"Tamil Nadu",459.3,309.9,674.722
"718","Pearl Millet (Bajra)",1970,"Tamil Nadu",489.7,321.2,655.912
"719","Pearl Millet (Bajra)",1971,"Tamil Nadu",493.6,296.6,600.891
"720","Pearl Millet (Bajra)",1972,"Tamil Nadu",428,290.5,678.738
"721","Pearl Millet (Bajra)",1973,"Tamil Nadu",401.2,339.7,846.71
"722","Pearl Millet (Bajra)",1974,"Tamil Nadu",372.5,214.5,575.839
"723","Pearl Millet (Bajra)",1976,"Tamil Nadu",456.1,460.5,1009.647
"724","Pearl Millet (Bajra)",1977,"Tamil Nadu",437.2,374.5,856.587
"725","Pearl Millet (Bajra)",1978,"Tamil Nadu",408.5,454.3,1112.118
"726","Pearl Millet (Bajra)",1979,"Tamil Nadu",370.2,329.1,888.979
"727","Pearl Millet (Bajra)",1980,"Tamil Nadu",319,268,840.125
"728","Pearl Millet (Bajra)",1981,"Tamil Nadu",368.2,360.3,978.544
"729","Pearl Millet (Bajra)",1983,"Tamil Nadu",351.8,413.5,1175.384
"730","Pearl Millet (Bajra)",1984,"Tamil Nadu",322.3,325.9,1011.17
"731","Pearl Millet (Bajra)",1985,"Tamil Nadu",310,360.4,1162.581
"732","Pearl Millet (Bajra)",1986,"Tamil Nadu",298.3,281.1,942.34
"733","Pearl Millet (Bajra)",1987,"Tamil Nadu",275.3,283.9,1031.239
"734","Pearl Millet (Bajra)",1988,"Tamil Nadu",289,303.1,1048.789
"735","Pearl Millet (Bajra)",1989,"Tamil Nadu",272,324.2,1191.912
"736","Pearl Millet (Bajra)",1990,"Tamil Nadu",274.1,296.3,1080.992
"737","Pearl Millet (Bajra)",1993,"Tamil Nadu",212.5,238.2,1120.941
"738","Pearl Millet (Bajra)",1994,"Tamil Nadu",191.9,230.9,1203.231
"739","Pearl Millet (Bajra)",1995,"Tamil Nadu",172.5,188.9,1095.072
"740","Pearl Millet (Bajra)",1996,"Tamil Nadu",164.6,194.9,1184.083
"741","Pearl Millet (Bajra)",1997,"Tamil Nadu",188.8,212,1122.881
"742","Pearl Millet (Bajra)",1998,"Tamil Nadu",153.9,206.1,1339.181
"743","Pearl Millet (Bajra)",1999,"Tamil Nadu",157.8,241.5,1530.418
"744","Pearl Millet (Bajra)",2000,"Tamil Nadu",129.3,170.4,1317.865
"745","Pearl Millet (Bajra)",2003,"Tamil Nadu",158.8,172.3,1085.013
"746","Pearl Millet (Bajra)",2004,"Tamil Nadu",97.6,124.3,1273.566
"747","Pearl Millet (Bajra)",2005,"Tamil Nadu",81.9,94.8,1157.509
"748","Pearl Millet (Bajra)",2006,"Tamil Nadu",65.5,99,1511.45
"749","Pearl Millet (Bajra)",2007,"Tamil Nadu",59.8,85.8,1434.783
"750","Pearl Millet (Bajra)",2010,"Tamil Nadu",49.5,77.4,1563.636
"751","Pearl Millet (Bajra)",2011,"Tamil Nadu",46.67,114.45,2452.325
"752","Pearl Millet (Bajra)",2012,"Tamil Nadu",42.93,56.93,1326.112
"753","Pearl Millet (Bajra)",2013,"Tamil Nadu",54.41,3627.47,66669.178
"754","Pearl Millet (Bajra)",2014,"Tamil Nadu",57.7,4456.12,77229.116
"755","Pearl Millet (Bajra)",2016,"Tamil Nadu",49.67,4154.965,83651.399
"756","Pearl Millet (Bajra)",2017,"Tamil Nadu",63.03,3753.351,59548.646
"757","Pearl Millet (Bajra)",2018,"Tamil Nadu",46.88,117.997,2517
"758","Pearl Millet (Bajra)",2010,"Telangana",19,2.7,267.335
"759","Pearl Millet (Bajra)",2011,"Telangana",11,4.7,231.915
"760","Pearl Millet (Bajra)",2012,"Telangana",10,0.023,733.705
"761","Pearl Millet (Bajra)",2013,"Telangana",10.24,10.01,977.539
"762","Pearl Millet (Bajra)",2014,"Telangana",11,11,1000
"763","Pearl Millet (Bajra)",2015,"Telangana",6,5,833.333
"764","Pearl Millet (Bajra)",2016,"Telangana",17,15,882.353
"765","Pearl Millet (Bajra)",2017,"Telangana",9,9.513,1057
"766","Pearl Millet (Bajra)",2018,"Telangana",8,3.976,497
"767","Pearl Millet (Bajra)",2019,"Telangana",9,10.422,1158
"768","Pearl Millet (Bajra)",1966,"Uttar Pradesh",1012.2,518.6,512.349
"769","Pearl Millet (Bajra)",1967,"Uttar Pradesh",1063.4,490.4,461.162
"770","Pearl Millet (Bajra)",1969,"Uttar Pradesh",1020.2,752.7,737.797
"771","Pearl Millet (Bajra)",1970,"Uttar Pradesh",1121.1,882,786.727
"772","Pearl Millet (Bajra)",1971,"Uttar Pradesh",949,529.5,557.956
"773","Pearl Millet (Bajra)",1972,"Uttar Pradesh",1085.8,719.6,662.737
"774","Pearl Millet (Bajra)",1974,"Uttar Pradesh",998.6,491.9,492.59
"775","Pearl Millet (Bajra)",1975,"Uttar Pradesh",1007.6,726.5,721.02
"776","Pearl Millet (Bajra)",1977,"Uttar Pradesh",981.5,657.6,669.995
"777","Pearl Millet (Bajra)",1978,"Uttar Pradesh",930.2,581,624.597
"778","Pearl Millet (Bajra)",1979,"Uttar Pradesh",1042.7,367.3,352.259
"779","Pearl Millet (Bajra)",1980,"Uttar Pradesh",994.8,733.1,736.932
"780","Pearl Millet (Bajra)",1981,"Uttar Pradesh",974.6,679.3,697.004
"781","Pearl Millet (Bajra)",1982,"Uttar Pradesh",954.2,740.7,776.252
"782","Pearl Millet (Bajra)",1983,"Uttar Pradesh",1039.9,901.3,866.718
"783","Pearl Millet (Bajra)",1984,"Uttar Pradesh",946.4,948.6,1002.325
"784","Pearl Millet (Bajra)",1986,"Uttar Pradesh",856.4,774.4,904.25
"785","Pearl Millet (Bajra)",1988,"Uttar Pradesh",835.1,839.8,1005.628
"786","Pearl Millet (Bajra)",1989,"Uttar Pradesh",843.4,903.1,1070.785
"787","Pearl Millet (Bajra)",1990,"Uttar Pradesh",785.1,875.1,1114.635
"788","Pearl Millet (Bajra)",1991,"Uttar Pradesh",746.3,770,1031.757
"789","Pearl Millet (Bajra)",1993,"Uttar Pradesh",815,922.3,1131.656
"790","Pearl Millet (Bajra)",1994,"Uttar Pradesh",884,862.7,975.905
"791","Pearl Millet (Bajra)",1995,"Uttar Pradesh",842,1061,1260.095
"792","Pearl Millet (Bajra)",1996,"Uttar Pradesh",796.1,1017.3,1277.855
"793","Pearl Millet (Bajra)",1997,"Uttar Pradesh",875.7,1260.3,1439.192
"794","Pearl Millet (Bajra)",1998,"Uttar Pradesh",842.8,979.3,1161.96
"795","Pearl Millet (Bajra)",1999,"Uttar Pradesh",835,1165,1395.21
"796","Pearl Millet (Bajra)",2001,"Uttar Pradesh",851,968,1137.485
"797","Pearl Millet (Bajra)",2002,"Uttar Pradesh",831.3,1072.5,1290.148
"798","Pearl Millet (Bajra)",2003,"Uttar Pradesh",877.6,1119.9,1276.094
"799","Pearl Millet (Bajra)",2004,"Uttar Pradesh",797.6,1223.9,1534.478
"800","Pearl Millet (Bajra)",2006,"Uttar Pradesh",884,1286,1454.751
"801","Pearl Millet (Bajra)",2007,"Uttar Pradesh",879,1336.4,1520.364
"802","Pearl Millet (Bajra)",2010,"Uttar Pradesh",935,1557,1665.241
"803","Pearl Millet (Bajra)",2011,"Uttar Pradesh",888,1633,1838.964
"804","Pearl Millet (Bajra)",2012,"Uttar Pradesh",901,1758,1951.165
"805","Pearl Millet (Bajra)",2014,"Uttar Pradesh",952,177.57,186.523
"806","Pearl Millet (Bajra)",2015,"Uttar Pradesh",975,141.75,145.385
"807","Pearl Millet (Bajra)",2018,"Uttar Pradesh",877,1779.433,2029
"808","Pearl Millet (Bajra)",2019,"Uttar Pradesh",917,1939.455,2115
"809","Pearl Millet (Bajra)",1966,"West Bengal",0.2,0.1,500
"810","Pearl Millet (Bajra)",1967,"West Bengal",0.3,0.2,666.667
"811","Pearl Millet (Bajra)",1968,"West Bengal",0.2,0.1,500
"812","Pearl Millet (Bajra)",1971,"West Bengal",0.1,0.2,730
"813","Pearl Millet (Bajra)",1972,"West Bengal",0.2,0.1,500
"814","Pearl Millet (Bajra)",1974,"West Bengal",0.3,0.2,666.667
"815","Pearl Millet (Bajra)",1975,"West Bengal",0.5,0.3,600
"816","Pearl Millet (Bajra)",1976,"West Bengal",0.3,0.1,333.333
"817","Pearl Millet (Bajra)",1977,"West Bengal",0.6,0.4,666.667
"818","Pearl Millet (Bajra)",1979,"West Bengal",0.6,0.4,666.667
"819","Pearl Millet (Bajra)",1981,"West Bengal",1.1,0.8,727.273
"820","Pearl Millet (Bajra)",1982,"West Bengal",0.5,0.2,400
"821","Pearl Millet (Bajra)",1983,"West Bengal",0.5,0.2,400
"822","Pearl Millet (Bajra)",1984,"West Bengal",0.4,0.1,250
"823","Pearl Millet (Bajra)",1986,"West Bengal",0.1,1.68,1020
"824","Pearl Millet (Bajra)",1987,"West Bengal",0.1,0.1,1000
"825","Pearl Millet (Bajra)",1988,"West Bengal",0.2,0.1,500
"826","Pearl Millet (Bajra)",1989,"West Bengal",0.3,0.2,666.667
"827","Pearl Millet (Bajra)",1992,"West Bengal",0.4,0.3,750
"828","Pearl Millet (Bajra)",1994,"West Bengal",0.3,0.2,666.667
"829","Pearl Millet (Bajra)",1996,"West Bengal",0.2,0.1,500
"830","Pearl Millet (Bajra)",1997,"West Bengal",0.2,0.1,500
"831","Pearl Millet (Bajra)",1998,"West Bengal",0.2,0.1,500
"832","Pearl Millet (Bajra)",1999,"West Bengal",0.1,0.1,1000
"833","Pearl Millet (Bajra)",2000,"West Bengal",0.3,0.3,1000
"834","Pearl Millet (Bajra)",2001,"West Bengal",0.4,0.3,750
"835","Pearl Millet (Bajra)",2002,"West Bengal",0.3,0.3,1000
"836","Pearl Millet (Bajra)",2005,"West Bengal",0.1,0.3,1000
"837","Pearl Millet (Bajra)",2006,"West Bengal",0.1,1736,7761904.762
"838","Pearl Millet (Bajra)",2007,"West Bengal",0.1,0.5,40450
"839","Pearl Millet (Bajra)",2008,"West Bengal",0.1,19,1000
"840","Pearl Millet (Bajra)",2009,"West Bengal",0.053,0.023,433.962
"841","Pearl Millet (Bajra)",2010,"West Bengal",0.064,0.024,375
"842","Pearl Millet (Bajra)",2011,"West Bengal",0.06,0.022,366.667
"843","Pearl Millet (Bajra)",2013,"West Bengal",0.14,1868,13342857.143
"844","Pearl Millet (Bajra)",2014,"West Bengal",0.16,1808,11300000
"845","Pearl Millet (Bajra)",2015,"West Bengal",0.17,1775,10441176.471
"846","Pearl Millet (Bajra)",2018,"West Bengal",0.071,0.029,402
"847","Pearl Millet (Bajra)",2019,"West Bengal",0.068,0.027,401
